{
  "SYNODIC_MONTH": 29.53058770576,
  "START_DATE": 2451550.1,

  "NEW_MOON_LOWER_ID": 0,
  "WAXING_CRESCENT_ID": 1,
  "FIRST_QUARTER_ID": 6.382647,
  "WAXING_GIBBOUS_ID": 8.382647,
  "FULL_MOON_ID": 13.765294,
  "WANING_GIBBOUS_ID": 15.765294,
  "LAST_QUARTER_ID": 21.147941,
  "WANING_CRESCENT_ID": 23.147941,
  "NEW_MOON_UPPER_ID": 28.530588,
  "NEW_MOON_UPPER_END_ID": 29.530588
}